first_name,last_name,phone_number,email,address
Sean,Mendoza,0777777,brian94@example.net,"0737 Johnson Estate Apt. 248,  Batesshire,  Kentucky,  48057,  Sao Tome and Principe"
Tina,Smith,678.492.5143x6941,lozanorobert@example.net,"4797 Amy Stravenue Apt. 665,  Wrightland,  Hawaii,  84345,  Congo"
Crystal,Smith,738.998.7837x7963,michelle66@example.net,"5332 Perez Estate,  Robertsland,  Rhode Island,  17898,  Ukraine"
William,Roberts,206-677-6254,banksmadeline@example.com,"8655 Ashley Rue Suite 709,  South Adriana,  Delaware,  98725,  Cook Islands"
Nathaniel,Martinez,607-265-4948,christopherfrank@example.org,"18555 Garcia Fort,  Garciaborough,  New Jersey,  61425,  Nigeria"
Jose,Larson,787.884.6796x910,normanrussell@example.com,"8568 Jennifer Manor, Collintown, Texas, 03608, Nepal"
David,Ramirez,(336)928-1485x0857,elliottlisa@example.com,"75395 Vickie Spurs Suite 544, Nicoleberg, Pennsylvania, 49703, Libyan Arab Jamahiriya"
Stacy,Gonzalez,590.920.8595x8930,ystewart@example.net,"63204 Jeffrey Fall, North Shawn, Kentucky, 84686, Montenegro"
Charles,Chapman,836383683,klinejenna@example.net,"77695 Michael Pass, Lake Aaronfort, Oregon, 96173, Cambodia"
Ashley,Harris,136662734583355,gallowaydylan@example.com,"78625 Roman Junction Suite 114, Trevorfurt, Wyoming, 10294, Colombia"
Megan,Cox,001-875-715-7264x45117,ghudson@example.net,"857 Beasley Underpass Apt. 013, East Jason, Wyoming, 01587, Senegal"
Kaitlin,Rodriguez,+1-570-738-4185x4510,hawkinsrobert@example.com,"80891 Hannah Island Suite 976, Leetown, New Mexico, 21627, Ghana"
James,Thomas,001-716-780-3925x212,wacevedo@example.net,"4040 Hart Branch, West David, Tennessee, 28348, Sri Lanka"
Travis,Griffin,+1-383-532-9458x90833,donaldporter@example.com,"4758 Robinson Shoals Apt. 420, North Stevenchester, Oklahoma, 52207, Kuwait"
Manuel,Kent,001-952-296-5062x44129,pfoley@example.org,"2469 Buckley Locks Apt. 098, Hillmouth, Montana, 03635, Iraq"
Tiffany,Cabrera,+1-216-403-7920,rebekah82@example.net,"94212 Kevin Plain, New Dannyburgh, Louisiana, 88222, Solomon Islands"
Ryan,Glass,613-377-8681x78372,qfloyd@example.com,"11504 Williams Cape Apt. 191, Medinatown, Iowa, 69534, Tajikistan"
Cory,Martinez,266.893.5479,nicholascunningham@example.org,"9410 Sara Track, Weberstad, Kansas, 91037, Netherlands"
Kayla,King,(420)553-0882,donna21@example.net,"787 Richard Vista, Port Raymond, Utah, 69751, Venezuela"
Steven,Lopez,427.552.4604x33247,cdiaz@example.com,"0182 Nancy Street Suite 669, Samanthaview, New York, 53818, Libyan Arab Jamahiriya"
Ashley,Faulkner,275.610.9167,xgraham@example.net,"5082 Scott Wells, Andreastad, Ohio, 26895, Montserrat"
Jacob,Cummings,001-331-515-9571,rgentry@example.org,"95793 Walker Forest, West Bridget, West Virginia, 77460, Ecuador"
Anthony,Bailey,684.686.5743,scottsanchez@example.com,"173 Jack Drives Suite 742, Ellisside, Alaska, 27092, Central African Republic"
Dustin,Gentry,7904595005,teresawilkinson@example.org,"81730 Brittany Points, East Aaron, Connecticut, 57273, Burundi"
Richard,Larson,763.909.6892,autumngonzales@example.com,"3868 Massey Coves, Lake Rebeccamouth, South Carolina, 77504, Montenegro"
Jessica,Shaffer,(457)554-9067x2551,raymarc@example.net,"655 Dean Lodge Suite 136, Steelechester, Georgia, 78181, Bahamas"
Lori,Jackson,937.752.6047x8089,ltaylor@example.org,"0679 Allison Roads Apt. 823, Erikaberg, Kansas, 60407, Faroe Islands"
James,Gutierrez,001-628-622-6568,tlopez@example.net,"53021 Washington Fields, Solisview, Colorado, 94800, Vanuatu"
Karen,James,+1-511-560-0799x0335,jameswalls@example.net,"9526 Jon Creek, East Connie, New Hampshire, 23557, Western Sahara"
Brandy,Cordova,+1-871-373-4965x143,heather67@example.net,"43319 Stephanie Corner, Benjaminmouth, Rhode Island, 19774, Belgium"
David,Villanueva,001-881-449-1274x53267,dylan92@example.com,"723 Torres Inlet, Castanedaton, Washington, 49498, Djibouti"
Alice,Hull,908-460-9991,jwhite@example.com,"5543 Park Landing, South Donnaburgh, Wisconsin, 82692, France"
Raven,Casey,4615034936,marybarber@example.org,"98608 Joshua Land Suite 306, Cooperburgh, Kansas, 78685, Fiji"
Amanda,Mitchell,(470)482-2699,mitchellcatherine@example.net,"153 Walker Trace, Gregoryview, Kentucky, 09238, Liechtenstein"
Allen,Camacho,689.637.1624x4575,brenda84@example.org,"91159 Nathan Course Suite 022, Josemouth, Illinois, 85197, Trinidad and Tobago"
Megan,Pearson,4698705243,laurasmith@example.org,"3617 Williams Lodge Suite 832, Morrisfurt, Delaware, 12845, Saint Barthelemy"
Daniel,Terry,360.656.8007,lmacdonald@example.net,"0061 Stewart Shoal Apt. 540, Dorothyhaven, Ohio, 03537, Cape Verde"
X,Y,Z,X,"Y, Z, X, FEIOHG, EFG"
Paula,Trevino,+1-708-358-8859x4460,ipeterson@example.net,"563 Paul Street, Evanshaven, Ohio, 23488, Trinidad and Tobago"
Tim,Pearson,(624)647-3704x177,tonyperkins@example.org,"562 Maxwell Vista, North Kevinborough, Alabama, 61570, Brazil"
Christian,Leonard,851-425-9257x15928,kingkarla@example.com,"389 Beverly Spurs Apt. 592, Parkside, Tennessee, 60298, Maldives"
Krystal,King,(858)769-7122,leslie46@example.com,"48465 Coleman Centers, New Michelle, Colorado, 49295, Bouvet Island (Bouvetoya)"
Samuel,Valencia,536.717.1361,allen63@example.com,"04636 Jenkins Islands, Pittmanview, New York, 12057, Spain"
Michelle,Clark,410.537.5410x953,sharonhernandez@example.net,"477 Goodman Grove, South Dalehaven, Wyoming, 39517, Poland"
Jared,Lee,941.767.2406,dalexander@example.net,"36793 Thompson Mountain Apt. 408, Stephanieland, Colorado, 89610, Belgium"
Adriana,Johnson,+1-586-996-2000x9271,gibbsjanice@example.net,"3668 Lisa Knoll, South Gregoryton, Massachusetts, 79288, China"
Evelyn,Green,001-726-396-6215,longsheila@example.org,"575 Anthony Circle Suite 677, Danielland, Virginia, 88383, Tunisia"
Kimberly,Hall,(726)537-1271,hpearson@example.org,"018 Eric Wells, West Alexandermouth, Maryland, 75325, Mongolia"
Anthony,Baldwin,+1-996-335-7179x0239,dixonbruce@example.com,"64484 Gray Fields, Lowefurt, Florida, 24487, Timor-Leste"
Harold,Harris,768-445-1620,robert55@example.com,"025 Miller Gateway Apt. 271, Wolfeland, Oklahoma, 94241, Congo"
Amy,Mcconnell,935-324-2579,donnapatel@example.net,"4587 Cook Falls Suite 265, Lake Raymond, Oklahoma, 60570, Slovenia"
Jeffery,Jackson,6246607520,charleschoi@example.net,"740 Martin Glens, Port Patricialand, New Jersey, 53934, Ghana"
Bryan,Cunningham,001-273-534-7749,meltonjennifer@example.com,"7350 Page Club, Bakerside, Nevada, 34325, Canada"
Daniel,Carter,(956)633-4371x9596,danielfowler@example.org,"8451 Travis Mountain Apt. 998, North Johnnyville, New Hampshire, 72183, Jordan"
Victoria,Pearson,(510)388-3199x13964,marvinbautista@example.net,"0731 Davis Greens, New Elizabeth, Hawaii, 06175, Georgia"
Michele,Tran,5715099463,pwatson@example.org,"13626 Davis Ford Apt. 691, Josephside, Maryland, 64636, Gibraltar"
Emily,Cisneros,561.933.3681x7446,angelakramer@example.org,"2611 Watson Camp, Port Elizabethchester, Florida, 35853, Malawi"
Jennifer,Williams,(757)201-9892x4155,josephgreen@example.net,"45984 Castro Circles, Nicholasbury, New Hampshire, 44033, Burundi"
Joseph,Murphy,(548)872-0610,adkinsnicole@example.com,"3262 Erin Isle Suite 193, Thomasside, North Dakota, 21696, Papua New Guinea"
Tyler,Morton,700-494-4492,henryrogers@example.com,"29845 Michael Turnpike, Jacobstad, Oregon, 19058, Nauru"
John,Riley,+1-889-307-9630x152,james81@example.com,"28350 Lauren Viaduct Suite 400, Elizabethchester, Maine, 32221, Malaysia"
Melissa,White,625-553-8519,matthewsmith@example.net,"554 Patterson Drive, Port David, Mississippi, 25959, India"
Amanda,Roberts,+1-906-372-8985x7806,stephen50@example.net,"0776 Evan Junction Suite 623, Gonzalestown, Florida, 91670, Tuvalu"
Stephen,Singleton,466.453.3630x94338,jellis@example.org,"67000 John Flat, Everetthaven, Arizona, 61949, Saint Barthelemy"
Stephanie,Welch,(875)471-5917x3863,melissa16@example.org,"95037 Johnson Glen, South John, Utah, 10787, Thailand"
Tammy,Long,(623)767-0647x950,rodriguezmegan@example.org,"06121 Hunt Garden, North Ruben, Tennessee, 68168, Vietnam"
Pamela,Ruiz,339-729-8067x947,yhensley@example.org,"0744 Kimberly Fork, New Tracichester, Virginia, 85123, New Caledonia"
Lisa,Grant,001-638-884-9944x6884,mjohnson@example.net,"465 Russell Ports, South Zachary, Idaho, 47116, Bosnia and Herzegovina"
Christopher,Harrell,(715)754-8831x27818,lwilkins@example.net,"006 Eric Wall Suite 184, West Karen, Colorado, 49998, Saint Vincent and the Grenadines"
Jessica,Reyes,001-932-975-5843x060,amy27@example.net,"2746 Mary Harbor, Kristinton, Tennessee, 80765, Northern Mariana Islands"
Cynthia,Ayers,001-805-770-4999x0705,nancy04@example.com,"4784 Angela Square Suite 806, South Christineton, Utah, 56834, Anguilla"
Lee,Downs,(360)273-2572,heatherlivingston@example.net,"25789 Heath Row Apt. 601, Greenburgh, Alabama, 72071, China"
Shelley,Reed,001-244-251-1585,matthewpeterson@example.net,"4572 David Fords, Jeffersonside, North Dakota, 20428, Dominica"
Andrew,Conway,(423)256-8717x994,fgarcia@example.net,"686 Mark Crescent Apt. 804, New Nicole, Minnesota, 74420, Guadeloupe"
Nathaniel,Martinez,(824)969-0543,kpowell@example.org,"0474 Kevin Walks Apt. 423, New Thomastown, New Hampshire, 30301, Philippines"
Noah,Mullen,001-246-706-7920x23362,ebony21@example.com,"70939 Jeffery Stream Apt. 858, Cookestad, Massachusetts, 61954, Denmark"
Thomas,Bates,679-341-5943x92452,joshuawhite@example.org,"037 Ronald Loop Suite 757, Michaelshire, Georgia, 01220, Mayotte"
Elizabeth,Smith,7517962225,gbowen@example.org,"8486 Michael Square Apt. 738, Williamburgh, Vermont, 91735, Guyana"
Jessica,Garcia,675-845-7290x523,andreabenson@example.org,"104 Bell Summit, New Keith, Missouri, 73750, Netherlands"
Heather,Erickson,680.880.7907x168,john59@example.com,"86856 Williams Well, West Donaldfort, Alabama, 51130, Morocco"
Ronald,Cohen,383.217.3350x65509,sherri64@example.net,"84089 Wells Village Apt. 104, Hartmanfort, Montana, 41277, Syrian Arab Republic"
Lisa,Adams,919.740.0682,rossjanice@example.net,"7863 Ayala Fields, Crystaltown, Utah, 00755, Switzerland"
Joseph,Ellis,(389)695-4605x050,michaelfrench@example.org,"2743 Karen Stravenue Apt. 735, Garciaview, West Virginia, 83398, Lesotho"
Amy,Torres,001-910-970-4679x9495,brett00@example.com,"394 Singh Flats, South Daniellefurt, Wisconsin, 36625, Macao"
David,Kemp,+1-505-603-9956x8581,molson@example.com,"3292 Cook Burgs, Sylviabury, New York, 05536, Reunion"
Vickie,Fox,001-736-871-5626,rodriguezbobby@example.com,"0855 Hunter Drive Suite 609, Lake Ashley, Kentucky, 48246, Saint Martin"
Kevin,Cook,(648)214-6820,shawnmorris@example.org,"915 Richard Hollow, Castroland, Nevada, 34255, Mongolia"
Nicole,Baxter,001-961-798-9760x254,martin57@example.org,"08587 White Hills Apt. 414, Arroyoville, Ohio, 55620, Iran"
Kelly,Green,(488)870-8709x02091,evillegas@example.com,"50429 Scott Falls Suite 190, Simsborough, Kansas, 73858, Iran"
Kaitlyn,Rodriguez,3602987352,richardsonkayla@example.org,"89235 Meghan Course Suite 446, South Abigail, Mississippi, 17697, Togo"
Tyler,Shaw,001-440-244-8964x894,natalie53@example.net,"8733 Joseph Road, Lake Jonathanside, Indiana, 50373, Reunion"
Benjamin,Romero,+1-929-901-2746x65445,floreswesley@example.org,"5317 Stone Curve, Harveyville, California, 17907, Bulgaria"
Jared,Hill,001-812-703-2621x772,katie39@example.org,"1083 David Pass, Johnland, Indiana, 47563, Bhutan"
Scott,James,717-647-6029,nicole60@example.com,"11655 Rodney Radial, Parksside, Maryland, 47823, Belarus"
Patrick,Cochran,840-642-1738x7016,chris78@example.org,"32038 Jason Square Apt. 601, Amymouth, Missouri, 75384, Bahrain"
Sarah,Kennedy,520-361-2292x31725,kristen80@example.net,"0726 Barbara Mission Apt. 667, Port Jodi, New Mexico, 62850, Armenia"
Lawrence,Valencia,345-682-4478,jthompson@example.net,"009 Faulkner Dale, Port Terri, Missouri, 12407, Afghanistan"
Linda,Fisher,001-414-558-5801x560,laurenbishop@example.com,"3938 Lisa Point Suite 209, Port Michaelton, New York, 76093, Hong Kong"
Brian,Davis,+1-969-760-3299x8459,vgreen@example.com,"536 James Trail, North Chelseyport, West Virginia, 14455, Vanuatu"
Kyle,Barber,968-838-0919,fthompson@example.com,"95569 Jessica Mall Apt. 462, West Roystad, South Dakota, 24130, Finland"
David,Best,312-450-7792,cbird@example.com,"194 King Islands, Barbarafort, Connecticut, 38759, Saint Vincent and the Grenadines"
Derek,Tanner,581.750.7988x9059,brownlinda@example.net,"11316 Hogan Trafficway, South Jerryview, Oklahoma, 80515, Mali"
Amy,Ward,7119069682,jason14@example.org,"187 Sanders Shoal Apt. 531, Avilafort, Alaska, 83979, Niue"
Kelly,Valencia,4426822976,rollinsmary@example.com,"8239 Quinn Orchard, Port Michaelstad, Ohio, 09588, Tanzania"
Seth,Mendoza,272-775-0032,ianwagner@example.net,"015 Bobby Flat, West Michaelburgh, Nevada, 18908, Antigua and Barbuda"
Mary,Vance,(606)429-2522x6679,xrobinson@example.com,"8400 Smith Brooks, Transtad, Georgia, 44035, Taiwan"
George,Randolph,649.883.7295,smithaudrey@example.org,"40521 Brooke Fort, North Tylerside, Montana, 84754, Denmark"
Caleb,Anderson,540.701.9296x433,ulee@example.org,"056 Hannah Prairie, Shannonhaven, Idaho, 25604, Cape Verde"
Daniel,Evans,+1-450-694-9280x6754,latoya93@example.com,"86497 Mcdonald Stream Apt. 085, North Zachary, Kansas, 24303, Belize"
Justin,Smith,625-314-0181,lambrenda@example.org,"25415 Toni Radial Apt. 153, Anthonyland, Alaska, 53654, India"
Donald,Conner,749-665-5544,nicholasclarke@example.org,"794 Mary Harbor, New Jessebury, Wisconsin, 32231, Thailand"
Antonio,Taylor,346.317.1539,bonnieschwartz@example.net,"05405 Smith Centers Suite 239, South Williamburgh, Virginia, 96859, Wallis and Futuna"
Shelly,Gonzalez,(634)343-9479,victoria82@example.net,"358 Paul Creek Apt. 741, Matthewchester, New Hampshire, 78145, Saudi Arabia"
Laura,Bird,300-533-6126x5135,michellewhite@example.net,"81239 May Union Apt. 922, Andersonborough, Alabama, 43600, Bulgaria"
Katherine,Bean,+1-565-520-1272x6648,audrey43@example.org,"261 Morris Stream Apt. 642, Jesseport, Utah, 76716, Latvia"
Patricia,Ortiz,450-600-6477x674,ksparks@example.org,"56487 Lawrence Walks, New Frederickmouth, Michigan, 82241, Syrian Arab Republic"
David,Baker,817.739.3220,leachjon@example.net,"886 Garcia Alley Suite 031, Nguyenstad, Texas, 10194, Kiribati"
Bianca,Rogers,001-269-964-6287x5773,donporter@example.com,"33928 Johnson Manors, Haynestown, Iowa, 52503, Philippines"
Alyssa,Schroeder,+1-466-374-7662,skinnerbrandon@example.net,"3974 Roth Lodge, Lake Danielside, Utah, 57749, Kenya"
Michael,Foster,6352791587,paul54@example.net,"523 John Park, West Jennifer, Arkansas, 89418, Mayotte"
James,Duncan,825.543.5411,kimberlypeters@example.net,"20367 Johnson Rapids, Crystalmouth, New Mexico, 22224, Marshall Islands"
Erica,Cruz,2337117419,briannguyen@example.com,"59327 Jimmy Divide Suite 554, East Mitchellport, New Mexico, 44912, Italy"
Carolyn,Sloan,466.440.0666,smithdonald@example.com,"57734 Ross Passage, North Lindseyborough, Colorado, 98993, Belgium"
Robert,Raymond,+1-703-303-1122x7837,kathy44@example.net,"15868 James Summit, South Kristenchester, Nebraska, 05219, Liechtenstein"
Michael,Horn,(742)653-5826,joanneholt@example.org,"71736 James Mall Suite 329, Rojasfurt, Kansas, 85081, Ghana"
Chloe,Meyers,(491)913-3583,wpitts@example.org,"5127 Tiffany Springs Apt. 335, West Maria, Montana, 61982, Senegal"
Jennifer,Collins,646-428-9336,megan41@example.org,"5389 Mitchell Corners, West Joshuaview, Utah, 46251, Western Sahara"
Tanya,King,+1-697-884-2516x23448,qcompton@example.net,"9586 Johnson Inlet, West Emilychester, Montana, 50290, Haiti"
Alexander,Torres,(829)941-9884x5102,joshuawright@example.org,"4945 Melissa Crescent Apt. 739, South Danielstad, West Virginia, 43703, Czech Republic"
Angela,Smith,358.659.6378x6211,millersierra@example.org,"86792 Washington Trace, Carrollbury, Alaska, 59838, Kiribati"
Gregg,Calhoun,745.892.2789,craigmarc@example.com,"7355 Smith Fort, North Courtney, Nevada, 41122, Uruguay"
Sarah,Dean,(279)492-0201x767,perkinsamanda@example.net,"98891 David Rest Suite 370, Andreton, Vermont, 05293, Latvia"
Barbara,Schneider,8929557756,sanderson@example.net,"3526 Gregory Square, West Suzanneport, Washington, 03377, Netherlands Antilles"
Lauren,Brooks,001-885-209-5423x248,vmcdonald@example.org,"410 Kelly Valleys, Donaldsonfurt, Nebraska, 77487, Isle of Man"
Deborah,Larson,624-622-5624x4688,dmonroe@example.org,"43724 Smith Corner Apt. 967, West Amandaville, Arkansas, 21912, Holy See (Vatican City State)"
Patricia,Sullivan,660-399-5569x5219,markfleming@example.org,"1422 Nathaniel Route Apt. 262, Shortbury, Colorado, 54669, Malta"
Andrea,Cooper,001-457-217-5509x27943,robertsaaron@example.org,"078 Margaret Ridge, Steinton, Mississippi, 26332, Iraq"
Jessica,Smith,001-866-966-9155x488,ndorsey@example.net,"138 Nelson Harbors, Port David, Missouri, 07601, Anguilla"
James,King,5267553376,lcarter@example.org,"279 Stewart Course, South Collin, Virginia, 55791, Monaco"
Jonathan,Fernandez,681.918.5615x7720,kentbecker@example.com,"6315 Garcia Canyon, Jaredbury, Idaho, 12849, El Salvador"
Steven,Schneider,884.750.9844x2967,joshua10@example.com,"90810 Lori Plain Apt. 064, Isaiahport, Pennsylvania, 38112, South Georgia and the South Sandwich Islands"
Heidi,Mcdaniel,467-426-3658x772,david81@example.net,"434 Beasley Shores Apt. 726, South Nathaniel, Connecticut, 75154, Mexico"
Patty,Gray,207-553-5387x157,danielwebster@example.org,"739 Eric Square Apt. 048, Delacruzside, Ohio, 34841, Bangladesh"
Barbara,Stephens,001-661-860-1946x17662,milesmichael@example.com,"088 Myers Orchard Apt. 152, Suttonborough, Kansas, 74634, Barbados"
Ashley,Hale,(285)837-0542,zwatkins@example.com,"9589 Lauren Orchard Apt. 928, Port Allen, Nebraska, 37309, Botswana"
Lauren,Shea,+1-549-313-6670,awhite@example.org,"97251 Tony Motorway, New Laurenmouth, New Jersey, 88254, Cote d'Ivoire"
Whitney,Hunter,450-706-5868x59341,jacqueline56@example.net,"95066 Eddie Neck Apt. 456, Sanchezview, Hawaii, 19721, Costa Rica"
Paul,Walker,(261)301-4953x24938,lewismathew@example.org,"00254 Willis Loop, Walkerberg, Florida, 03557, Netherlands Antilles"
Nicole,Taylor,+1-750-541-8543x6642,rachel80@example.com,"54531 Smith Forge, Kennethburgh, Texas, 62227, United Arab Emirates"
Jenna,Mccann,480.668.0112,johnstone@example.com,"62257 Shane Pass Apt. 999, Pittmanton, Alaska, 86450, Korea"
Jennifer,Wallace,6136837538,daniel02@example.org,"9415 Jason Ville, Chavezmouth, Florida, 98401, North Macedonia"
Crystal,Rodriguez,(404)792-1665x5603,amandastevenson@example.net,"751 Taylor Pines, Thomasfurt, Florida, 37314, Guyana"
Heather,Simpson,+1-712-981-3796x36167,amber32@example.net,"140 White Fords Apt. 940, South Alexanderborough, Wisconsin, 60098, Korea"
Laura,BIDULETTE,44444,brookepadilla@example.com,"3549 Deborah Fork, Lake Rebecca, Iowa, 76056, Portugal"
Amy,Hamilton,956.812.7724x40532,daisylloyd@example.com,"18732 Craig Forges Apt. 402, West Kimberly, New Jersey, 31941, Cayman Islands"
Ashley,Carlson,2923461766,brian26@example.org,"84170 Michael Spring, Hodgesshire, Arkansas, 97301, New Zealand"
Lori,Bruce,285.684.1738x636,cynthia00@example.com,"2135 Kayla Cliff Suite 539, Lake Kimberlymouth, North Carolina, 44647, Sao Tome and Principe"
Douglas,Delacruz,297.323.9372x3689,andrew64@example.org,"03099 Wagner Square Apt. 530, Leview, Louisiana, 79379, Ireland"
Megan,Clark,2886033181,oscott@example.com,"830 Jessica Ports Apt. 082, Port Kristaborough, Arizona, 87350, Tunisia"
Christine,Rush,894-952-6124x53680,freemancarol@example.net,"22112 David Falls Suite 320, Bartonhaven, Pennsylvania, 02967, Ecuador"
Kayla,Price,(574)830-3386x476,charlesschwartz@example.org,"91465 Hull Tunnel Suite 605, West Tiffany, Nebraska, 91452, Belgium"
Michele,Swanson,(518)384-7299x85584,gordondavid@example.net,"10944 Karen Hollow, Kylebury, Massachusetts, 35574, Sri Lanka"
Jeremy,Sanchez,+1-680-683-5116x31468,stownsend@example.org,"2756 Elizabeth Junction, West Rebeccaborough, New Hampshire, 93663, Saint Pierre and Miquelon"
Sarah,Munoz,437.340.3599,shicks@example.org,"82640 Richard Station Apt. 452, Lake Nicoletown, Tennessee, 68585, Switzerland"
Vanessa,Weaver,+1-993-721-9650,hobbsjamie@example.net,"4554 Janice Stream, North Destinyburgh, Minnesota, 84410, French Polynesia"
f,f,f,f,"f, f, f, f, f"
Jonathan,Watts,626-573-1994x312,gjennings@example.net,"94113 Brown Islands, Owenston, Utah, 02104, Portugal"
Mary,Hunt,(858)217-4226x78897,creynolds@example.com,"67938 Russell Springs, East Lori, Delaware, 32560, Uganda"
Ryan,Mendez,3827778487,keith78@example.net,"49632 Henderson Well, Mendozaville, New Mexico, 79449, Syrian Arab Republic"
Christian,Brown,001-587-596-3227x1260,annemaldonado@example.com,"0273 James Club, Taylorview, Ohio, 48299, Kiribati"
Danielle,Johnson,2307400454,qblack@example.com,"39742 Macdonald Heights, East Seth, Virginia, 93331, Solomon Islands"
Kathryn,Wise,305-284-8505x127,tracysimpson@example.com,"607 Jacob Crossroad, Fergusonborough, New Hampshire, 17479, United Arab Emirates"
Robert,Galloway,001-451-718-7572x6478,devon89@example.net,"481 Lynch Prairie Apt. 033, Andersonbury, Nevada, 47220, Fiji"
Karina,Thompson,292.682.7983x0299,schaeferkathy@example.com,"730 Emily Vista, South Jacob, Alabama, 09656, Malta"
Jessica,Powell,+1-203-681-3656x678,matthew19@example.org,"544 Wade Expressway Suite 714, Lake Lisa, Wyoming, 01886, Belarus"
Mark,Spencer,001-617-975-3279x1692,aaguilar@example.net,"9444 Burke Mews Apt. 398, North Jacqueline, Michigan, 38457, Palestinian Territory"
Adrienne,Jensen,(559)966-9536x078,lisastafford@example.com,"897 Graham Forest Apt. 779, South David, Oklahoma, 36844, Bolivia"
Becky,Reynolds,355-445-4122,ugilbert@example.net,"0897 Hicks Cape, Santosbury, Iowa, 52354, Guam"
Adrian,Snyder,885.421.8377x9474,qsanchez@example.net,"31725 Julie Views Suite 507, Santanaville, Connecticut, 75566, Burkina Faso"
Donald,Smith,421-960-8976x755,tatesharon@example.org,"1173 Carter Coves Suite 000, West Rebeccaland, North Dakota, 80527, United States Minor Outlying Islands"
Bryan,Johnston,608.912.5780x86133,kylejones@example.net,"364 Gregory Mission Suite 191, East Sherrybury, Maryland, 53659, Zimbabwe"
Jodi,Daniels,001-457-635-2721x373,hannahpetersen@example.com,"755 Christopher Branch Suite 844, Port Brianna, Nebraska, 17788, Portugal"
Natalie,Howe,895.910.9568x0196,frank27@example.org,"43834 Liu Village, East Donaldstad, Virginia, 92879, Panama"
Katie,Rivers,272.700.5210x59024,uortiz@example.org,"891 Cody Street, North Joshuaview, Illinois, 60291, Palestinian Territory"
Isaac,Knapp,365.841.7481,nschmidt@example.com,"4442 Davis Glens, West Kevinmouth, Utah, 50131, Ghana"
Michael,Boyle,432.803.4813x418,davidyoung@example.org,"2196 Henry Ridge, West Robertchester, Illinois, 90251, Paraguay"
James,Schultz,267.245.2200,darrell95@example.net,"8829 King Stream, East Darrylstad, Nebraska, 42708, Tunisia"
Sharon,Madden,001-357-456-2353x884,brandidavidson@example.org,"214 Melissa Shoals, North April, Oklahoma, 49885, Kuwait"
Joel,Moore,(339)676-9547,adam98@example.net,"8219 Williams Center, New Danielle, Colorado, 46704, Georgia"
Louis,Kennedy,(510)876-7483x946,escobardavid@example.com,"76685 Johnson Neck Apt. 993, Osbornbury, Missouri, 40937, Bahamas"
Karen,Rich,296.722.3995,victoriabutler@example.com,"39499 Christy Walk, Andrewsstad, Kentucky, 53779, Georgia"
Terry,Ortega,001-614-544-2342x749,gordonkimberly@example.com,"99560 Mark Trafficway Suite 323, Maryside, Connecticut, 67052, Luxembourg"
Thomas,Harris,259.359.5538x80447,milestimothy@example.org,"27865 Stein Junctions Suite 596, New Leslie, South Dakota, 31352, Zambia"
Loretta,Jones,(240)517-0787x17188,amber56@example.org,"9242 Lauren Groves, West Andrewbury, Indiana, 71859, Jordan"
Caitlin,Perez,246-923-7278x03152,smithbrandon@example.com,"22509 James Shores Apt. 065, Phillipmouth, Maryland, 82736, Morocco"
Jessica,Fisher,2562312396,rhartman@example.org,"00923 Nguyen Inlet Suite 753, Port Jamesmouth, Oregon, 38918, Mongolia"
ZDLNFZ,BNFEIOFE,BEGIBG,OBEGI,"BGEI, OBGE, BGEIB, IBIE, IOB"
Donna,Jones,(226)362-6631x71372,brian35@example.net,"18963 Campbell Harbors, Shaunport, Alabama, 46636, Iraq"
Jesus,Schwartz,599-326-2263x6228,yfletcher@example.org,"629 Hughes Trafficway Apt. 088, Lake Alexander, North Carolina, 95088, Oman"
Linda,Moore,(861)367-4307,kevin11@example.org,"2679 Cynthia Place, Kevinton, Missouri, 89328, Guyana"
Laura,Daniels,972.633.7331,carpenterlisa@example.com,"530 Franklin Mountain Suite 191, Lake Stephen, Michigan, 59946, Hungary"
Nathan,Rice,+1-568-227-8142,williamsonjustin@example.net,"7205 Foster Radial Suite 578, West Juliestad, Idaho, 33258, Maldives"
Sara,Miller,246.847.5246x664,terri44@example.org,"91764 Robert Key Apt. 856, Danielland, New Jersey, 58629, New Caledonia"
Michael,Shaw,344-610-3180x9121,robertbeard@example.org,"35678 Sara Center, West Jessehaven, Arkansas, 19391, Niger"
Rebecca,Flores,7155962678,william34@example.org,"135 Monica Creek Suite 654, New Troyhaven, South Carolina, 25196, Lebanon"
Kevin,Lee,3232866255,ycabrera@example.org,"828 Lindsey Extension Suite 224, Freymouth, North Dakota, 53506, Isle of Man"
Michael,Grant,610.485.1213x5812,jenkinsjamie@example.net,"7683 Bailey Spurs Apt. 789, East Kimberly, New York, 40866, Reunion"
Matthew,Gomez,431.310.0194x853,darylsilva@bidule.com,"1069 Martinez Springs Suite 253, West Anthonyview, Illinois, 41979, Burundi"
Brenda,Lee,001-535-243-1681x02301,bennettshawn@example.net,"71682 Johnny River, Lake Jodishire, Virginia, 02679, Burundi"
Travis,Santos,622-522-5637x251,kvaughn@example.com,"1120 Caitlyn Park Apt. 619, North Amandaburgh, New York, 35918, Georgia"
Tiffany,King,(775)753-3333x92192,davismary@example.com,"1197 Olson Park Suite 932, Port Thomasport, Alaska, 86323, Syrian Arab Republic"
Jill,Cisneros,(889)245-8436,nkim@example.com,"5826 Jessica Shoal Suite 583, East Ryanside, Hawaii, 72852, United States of America"
Eugene,Rodriguez,642-828-0973x54179,mendozatravis@example.net,"1621 David Station, Port Josephburgh, Vermont, 51451, Guinea-Bissau"
Wesley,Velasquez,684.333.9080,bartonsamuel@example.org,"37643 Amanda View, Jeremyville, New Mexico, 80466, Mexico"
Sarah,Valenzuela,001-981-903-1176x2906,peter44@example.org,"5419 Ashley Dam, South Kimberly, North Dakota, 29037, Kenya"
Julie,Smith,(415)598-4276x149,ymartinez@example.org,"9099 Karen Centers Apt. 242, Janestad, Maryland, 98281, Austria"
Briana,Kent,(653)912-6458,castanedajonathan@example.net,"640 Conley Alley, West Sheila, Indiana, 19559, Martinique"
Samuel,Wheeler,001-840-819-7043x559,dylanwu@example.org,"838 Montgomery Circle Suite 757, North Anna, Mississippi, 47524, Albania"
Lori,Herrera,001-668-376-6075x8188,crobinson@example.com,"1691 Derek Ridges Suite 557, Reedbury, Mississippi, 28953, Belarus"
Miguel,Watkins,001-549-994-5254x495,garrettjennifer@example.org,"3967 Evans Mount Suite 438, Port Joshuaburgh, Pennsylvania, 41392, Malawi"
Mark,Hart,688.963.5933,stephanie66@example.com,"843 Murray Trail, Port Jordanville, Wisconsin, 45806, Netherlands"
Julie,Montoya,570-427-0710x66033,psloan@example.net,"310 Murray Port, East Normahaven, Maine, 92547, Iran"
Melissa,Lee,307-259-3836x435,deniseellis@example.org,"40819 Aguilar Ranch, Garciahaven, Alaska, 97931, American Samoa"
April,Miller,853.807.4320,sabrina79@example.org,"77316 Raymond Ford Apt. 310, Joshuafurt, Wisconsin, 65809, Mayotte"
Nicholas,Cook,+1-353-592-8104x2809,kimberlymitchell@example.net,"99653 Leblanc Village, Boonebury, Tennessee, 87746, Micronesia"
Susan,Rios,281-517-9437x8691,lkerr@example.com,"21204 Snyder Plains, South Brian, Oregon, 96088, Cook Islands"
Michael,Thompson,(627)691-6322x692,yangmary@example.com,"7408 Justin Gardens Suite 779, East Jo, North Carolina, 04803, Costa Rica"
Stephen,Burton,(494)631-4081x440,thomaslance@example.com,"12578 Charles Ford, Stephanieborough, Maine, 88788, French Guiana"
Stephanie,Blair,5732338051,parsonsdonna@example.com,"0040 Young Points, Courtneyberg, West Virginia, 89994, Romania"
Kathryn,Moore,509-853-2860x52222,dlewis@example.org,"574 Curtis Village Apt. 509, New Donnaberg, Georgia, 78803, Spain"
Michelle,Price,001-440-816-7448,darryl41@example.org,"00503 Ortiz Corner Suite 800, East Markton, Massachusetts, 74807, Liechtenstein"
Elizabeth,Reynolds,612-953-0123,xdennis@example.com,"4658 Margaret Points Suite 318, Lake Amyshire, Michigan, 08146, Samoa"
William,Hernandez,001-639-850-6941x401,asmith@example.com,"477 Jacqueline Gardens Apt. 645, New Lorimouth, Kentucky, 63568, Switzerland"
Linda,White,511.648.8716,juanferguson@example.org,"86972 Melissa Crest, Victoriashire, Illinois, 46895, Comoros"
Kelly,Rodriguez,(223)598-4303x840,kemppamela@example.net,"259 Stephanie Square Suite 660, Ginaton, Tennessee, 04429, Palau"
Thomas,Clarke,873.754.3316,shawjacqueline@example.com,"68093 Craig Isle Apt. 716, Brandimouth, West Virginia, 61924, Chile"
Nicole,Cook,570.362.0646,martinezdanielle@example.org,"21143 Daniel Pike, North Kelsey, Nebraska, 14778, Timor-Leste"
David,Wheeler,281-806-6460x10454,beth23@example.com,"71103 Robert Neck, Lake Dianaberg, Vermont, 55872, Austria"
Robert,Moody,398.836.2893,simmonsanthony@example.net,"684 Scott Rest Apt. 826, Ronaldland, Pennsylvania, 96851, Andorra"
Bailey,Robinson,(227)274-9238x99743,herringtonya@example.com,"616 Alex Locks, East Robin, New Mexico, 43106, Haiti"
Mario,Wilcox,210-814-4515x055,jpayne@example.org,"2159 Tiffany Roads Suite 457, Katherinefort, California, 19031, Belgium"
Morgan,Shields,(915)689-1340,qgriffith@example.com,"3163 Jones Lights, Lake Pamela, Indiana, 21112, Bermuda"
Anna,Young,(514)700-4611,ablankenship@example.org,"34415 Jackson Way Suite 908, Carolineberg, Arizona, 32252, Wallis and Futuna"
Craig,Perry,630.790.3587x16150,lori42@example.org,"6623 Torres Alley Suite 427, New Richardberg, Nebraska, 34342, Cape Verde"
Aaron,Patterson,724-820-5942x12323,jonathan43@example.org,"95009 Hicks Rapids Apt. 055, North Malik, Delaware, 99064, United States Virgin Islands"
James,Lowery,561.455.7619,murphyjustin@example.org,"185 Connor Plains, Philipport, Hawaii, 11588, Anguilla"
Eric,Garcia,(625)320-3457x075,scott35@example.net,"55140 Edwards Bypass, North Richard, New Hampshire, 36234, Marshall Islands"
James,Sullivan,001-683-947-2871,newmanclifford@example.org,"29086 Evans Creek Apt. 716, Cynthiaville, Arkansas, 53672, Lebanon"
James,Jackson,463-862-7926x2816,mullenjesse@example.net,"798 Montoya Burg, Lopezport, Kansas, 62047, Libyan Arab Jamahiriya"
Billy,Hanson,(648)234-5131,mackmatthew@example.net,"9638 Ronald Isle Apt. 812, Mooreport, Pennsylvania, 24839, Congo"
Deborah,Acevedo,(887)546-9470,patrick80@example.com,"0720 Carter Manors, Gonzaleztown, Georgia, 40483, Chad"
David,Richards,001-935-330-5072,georgecrawford@example.com,"829 Anderson Ways, New Hannahtown, Ohio, 76286, Poland"
Robert,Clayton,441-433-9362,terrymaldonado@example.com,"989 Katie Tunnel Suite 855, Nathanielmouth, Connecticut, 80076, Samoa"
Willie,Sims,224.583.3665,tiffanypage@example.net,"85912 Brittany Expressway, West Brittany, California, 78775, Mauritius"
Erin,Peterson,001-288-466-9344,rhale@example.net,"169 Denise Plaza, Leonardmouth, Rhode Island, 47341, Belarus"
Lisa,Phillips,001-597-899-2458x689,rodneylester@example.org,"565 Nichols Overpass, Danielshire, South Dakota, 46044, Japan"
Kathy,Vaughn,8654698005,traciemora@example.org,"4401 Duane Island Apt. 335, West Michaelburgh, Connecticut, 40454, Bouvet Island (Bouvetoya)"
Jillian,Taylor,(927)534-7208,fgilbert@example.net,"18507 Whitney Estate, North Josephmouth, Georgia, 05181, Guinea-Bissau"
Adrian,Baker,873.776.7774x97810,isabelladavis@example.org,"81659 Duke Dam, Lake Jordan, Hawaii, 10093, United Kingdom"
Nicole,Cole,(721)776-5124,jeffreysantos@example.net,"00916 Kristen Creek, Marthaton, Illinois, 80258, Sao Tome and Principe"
Erica,Jackson,+1-736-570-1253,blackjennifer@example.org,"858 Young Spurs, East Michelebury, Georgia, 81244, Pakistan"
Daniel,Perry,749-386-7076x507,james74@example.net,"86330 Rodgers Via, Fernandezshire, Arkansas, 07974, South Africa"
Victor,Jones,+1-942-453-5050x995,jasongonzalez@example.org,"50093 Lisa Dale, East Joshuaville, Arkansas, 94199, Micronesia"
Suzanne,Thomas,204-676-7196x7164,morganandrew@example.net,"675 Gonzalez Valley, Chandlerview, Wyoming, 35574, United Arab Emirates"
Kelly,Woods,615-338-9777,rodriguezjessica@example.org,"589 Erin Summit Suite 653, Crosbymouth, Pennsylvania, 89543, Heard Island and McDonald Islands"
Krista,Mccarty,+1-965-221-0706x5458,andersoncandace@example.com,"921 Jessica Rapid, South Jessemouth, Oregon, 88951, Estonia"
Laura,Davenport,653.934.9760x211,yesenia63@example.org,"5986 Santos Squares, North Jonathanmouth, Oklahoma, 78665, Northern Mariana Islands"
Stephanie,Henry,806.456.0912x158,eortega@example.net,"900 Ramirez Mountain Apt. 136, Port Samuelhaven, Maryland, 97386, Slovenia"
Seth,Duncan,001-473-801-2889x004,pamela80@example.net,"69634 Scott Port, Ryanshire, Connecticut, 69177, Fiji"
Emily,Johnson,+1-250-818-5698x2710,stephaniesmith@example.com,"6723 Edward Freeway Apt. 820, East Chad, Wisconsin, 96131, Papua New Guinea"
Mark,Pacheco,(516)535-5516x013,jeremy77@example.org,"64328 Jennifer Street, Mooremouth, Arkansas, 49905, Lao People's Democratic Republic"
Jason,Villegas,207.542.2622,timothy92@example.com,"3594 Cowan Squares, Port Tonyaland, New Jersey, 49948, Sierra Leone"
Jennifer,Wright,(710)754-6059,vrussell@example.org,"06944 Boyle Branch, Adrianfurt, Montana, 17023, United States Virgin Islands"
Robert,Murray,516-898-5319x5708,jhill@example.net,"7743 Laura Lane, Kimchester, Wisconsin, 45038, Swaziland"
Brent,Cortez,(781)909-9620x16922,hillwanda@example.org,"5353 Ryan Land, Smithburgh, California, 13810, Seychelles"
James,Lopez,(220)252-5162,christyroberts@example.com,"38958 Angie Garden Apt. 285, East Melodymouth, Louisiana, 86281, Czech Republic"
Andrea,Avila,+1-833-643-3457x290,wbrennan@example.org,"3503 Mclaughlin Mills Apt. 311, Allisonview, Minnesota, 10704, Saint Vincent and the Grenadines"
Jordan,Wallace,+1-604-422-6499x819,hernandezsean@example.org,"9918 Rush Road Suite 322, East Rachelchester, Kentucky, 05226, Panama"
Dennis,Torres,001-424-671-1004x2740,riverakevin@example.org,"65143 Rodriguez Plaza Suite 724, Port Matthew, Colorado, 81526, Cape Verde"
Julie,Carpenter,211.378.0179,theodore25@example.net,"449 Morris Groves, Burnettbury, Alabama, 82900, Bahamas"
Joseph,Smith,531.641.2715,rrodriguez@example.org,"384 Christopher Glen Suite 587, Jenkinsborough, Hawaii, 10421, Guadeloupe"
Curtis,Berg,7028874226,tmiller@example.com,"0340 James Lane Suite 718, Linland, Nebraska, 25365, Venezuela"
Thomas,Tate,851-417-8596,shepherdwilliam@example.net,"2820 Lucas Pines, Petersonfurt, Louisiana, 58833, Saint Helena"
Robert,Patton,+1-212-596-5273x720,ddominguez@example.net,"57542 Carney Ports, Travisburgh, California, 39723, Bermuda"
Lisa,Santana,709-757-8801x959,bowerswilliam@example.org,"126 Hamilton Lake, Hornbury, Virginia, 69480, Seychelles"
Jeffrey,Snyder,667.619.2346,xwright@example.com,"606 Vanessa Crossroad, North Scottburgh, North Dakota, 70236, Rwanda"
Cynthia,Wagner,806-635-0409,joshuastein@example.net,"244 Williams Heights Suite 853, Lindaside, Iowa, 16097, Swaziland"
Michael,Ford,(927)472-5810x44004,sandragreer@example.net,"41693 Bean Fort Apt. 257, Port Suzanne, Illinois, 02574, Turks and Caicos Islands"
Lance,Romero,743-527-8207x95638,olivia12@example.org,"87439 Cameron Track Suite 006, Rebeccamouth, Oklahoma, 13625, Namibia"
Andrea,Carter,001-753-953-0398x149,sheltonlinda@example.com,"51637 Michael Shoal, Courtneyfurt, Kentucky, 03333, Brunei Darussalam"
Dennis,Mccall,347-884-1664,eclark@example.com,"40279 Hicks Glens Apt. 733, West Katherine, Maryland, 05672, Tonga"
Adrienne,Hayden,+1-626-547-1096,wyates@example.net,"1545 Theresa Run, Port Karenborough, New York, 94869, Svalbard & Jan Mayen Islands"
Frank,Rosario,815-574-1438,andre96@example.net,"780 Atkinson Union Apt. 697, New Herberthaven, Georgia, 39471, Mali"
Anthony,Hogan,(781)971-7973,brittney84@example.org,"49848 Sara Heights, East Sara, Indiana, 53039, Tanzania"
Valerie,Cruz,605.821.7263x167,whitney81@example.net,"099 Stevens Court, Michaelburgh, Vermont, 92769, French Guiana"
Kayla,Ferrell,(291)689-1391x41969,erik58@example.net,"956 Julia Street Apt. 372, East Dawnfort, Utah, 57097, American Samoa"
Tara,Roman,462.972.4418,garrettsamantha@example.org,"492 William Garden Apt. 270, East Thomas, Georgia, 69756, Liberia"
Jocelyn,Jefferson,774.597.4614x9753,igarcia@example.org,"9887 Nelson Mall Apt. 285, Port Kimberly, Alabama, 97506, Solomon Islands"
James,Maldonado,+1-935-364-1667x1795,brian85@example.net,"07181 Emily Corner, West Michael, Arkansas, 41208, Cocos (Keeling) Islands"
Michelle,Velez,847-550-6961,middletonzachary@example.org,"6155 Dana Run, Anthonyfurt, Kansas, 24083, Micronesia"
Tami,Wilson,(428)242-3064,robert05@example.com,"10326 Carr Glens, Sarahbury, Kentucky, 26443, Pakistan"
Robert,Davis,492-622-8090,jbrock@example.net,"1819 Campos Grove Apt. 784, New Jennifer, Nebraska, 68408, Iraq"
Laura,Oneill,4469268607,joseph88@example.org,"450 Parker Square Apt. 249, Lake Andreabury, Colorado, 93062, Gibraltar"
Kevin,Carr,7136370537,mauricekim@example.net,"98375 Justin Loaf Apt. 140, Port Ericport, Wyoming, 66693, Nicaragua"
Casey,Nguyen,+1-552-776-1831x72810,grantjennifer@example.net,"2726 Donald Views, Ashleyville, California, 87543, Liechtenstein"
Sherry,Maynard,+1-387-430-2084,macdonaldannette@example.com,"318 Jonathon Trace, Duncanside, Arizona, 32484, Ukraine"
Jesus,Thomas,(405)906-5123,blakemary@example.net,"677 Raymond Turnpike Apt. 599, Beltranshire, Missouri, 55324, United Kingdom"
Douglas,George,584-645-6832,rebeccamoore@example.net,"22121 Becker Squares Suite 670, Jennifertown, Utah, 86982, British Indian Ocean Territory (Chagos Archipelago)"
Wayne,Smith,+1-455-216-9906x4172,singletonmichael@example.net,"220 Randolph Burgs, East Anthony, Colorado, 89164, San Marino"
Eric,Carey,715.611.0236x927,afaulkner@example.org,"6469 Dana Stream, North David, Florida, 30817, Senegal"
Vincent,Yates,(542)401-1619,colin70@example.net,"22929 Anthony Tunnel, East Lisaborough, Alabama, 11956, Central African Republic"
Richard,Hughes,216-554-5218x01699,masondavid@example.com,"1796 Christina Creek, East Lauraton, Illinois, 04330, Sudan"
Michael,Jackson,001-935-952-7264x39978,theodore80@example.org,"619 Lucas Tunnel Suite 461, Virginiashire, Hawaii, 31821, Seychelles"
Danielle,Martin,804.290.9388x1638,xmarquez@example.net,"45621 Miller Creek, Bowmanmouth, Indiana, 22314, Netherlands"
Sarah,Alexander,(329)393-4765,christopher34@example.com,"065 Tina Crest, Taylorbury, Idaho, 14640, South Africa"
Joshua,Brewer,449-605-4229,dana81@example.net,"926 Smith Cove Suite 581, North Elizabeth, Colorado, 64836, Burundi"
Gary,Ross,(314)913-1397x5365,dominguezteresa@example.com,"625 Jerry Circle, Frazierfort, Georgia, 64764, Belgium"
a,b,c,d,"e, f, g, h, i"
Shelley,Perez,+1-260-200-3014x1820,gchavez@example.org,"1392 Mendoza Corner, Sarahborough, Hawaii, 31299, Slovakia (Slovak Republic)"
Diana,Odonnell,999-936-4935x090,lmccarty@example.com,"094 Cooper Expressway, South Mike, Missouri, 02461, Cook Islands"
Kenneth,Olson,(834)704-6238x6846,tracey79@example.net,"88971 Hernandez Cliff, Tanyachester, Maine, 59199, Korea"
Jennifer,Craig,746-431-0727,ericajohnson@example.com,"7504 Wilson Rapid Suite 200, Courtneystad, Wisconsin, 45242, Israel"
Jose,Hernandez,(804)940-0645x747,kyle26@example.org,"5193 Peter Trace Suite 446, Port Angelaside, Louisiana, 26760, Cape Verde"
Amanda,Kelly,710-408-8799,zacharyphillips@example.com,"9799 Michael Pass Apt. 745, East Adamstad, Utah, 37576, Zambia"
David,Gallagher,001-550-519-9948x73942,tinajones@example.com,"758 Oneill Turnpike, East Dustin, Vermont, 19576, Morocco"
Thomas,Terry,+1-760-562-6935x793,katie85@example.org,"07360 Megan Knoll, Martinezville, Hawaii, 47643, Syrian Arab Republic"
David,Tran,5385607995,haley67@example.org,"05517 Oscar Via, North James, New York, 72701, Bahrain"
Justin,Wolfe,(590)471-6528x562,samantha14@example.org,"385 Melissa Corners, South Lorettaport, Washington, 83784, Qatar"
Anthony,Walters,001-491-293-3235x16938,wrightrebecca@example.com,"2182 Joshua Drive, South Timothyberg, Florida, 81416, Lithuania"
Amanda,Conley,7603252911,michael32@example.net,"4339 Clark Glen Suite 308, Kimberlyburgh, New Jersey, 69451, Portugal"
Christina,Myers,+1-715-349-9893,sergioosborne@example.net,"5273 Jeffrey Knoll Suite 473, Port Matthew, Maryland, 10488, Guadeloupe"
Joseph,Morris,+1-411-235-5243,kroberts@example.com,"3454 Grimes Well, West Linda, South Carolina, 16094, Timor-Leste"
Denise,Sanchez,548-527-0707,teresaanderson@example.org,"1006 Maria Oval Apt. 090, North Valerie, North Dakota, 09951, Angola"
Tara,Joseph,357.548.2436x1471,gharding@example.com,"60502 James Lane Suite 200, Fisherville, Indiana, 69390, Equatorial Guinea"
Connor,Gutierrez,(313)422-8973,arroyojoshua@example.net,"040 Thompson Station, North Thomas, New Hampshire, 59512, Grenada"
Paul,Wilson,(835)475-8068,ellisjeremy@example.net,"5513 Yvonne Estates Suite 745, Sarahburgh, Rhode Island, 47806, Poland"
Michael,Lopez,(896)560-2345x7067,lsmith@example.net,"456 Maria Villages, South Tannerborough, California, 73885, Russian Federation"
Lawrence,Sampson,(781)973-5026x20071,leejason@example.org,"67226 Cooper Lodge, Hoffmanland, North Dakota, 96745, Holy See (Vatican City State)"
X,EZ,9353533,DKJVF,"DJKVDD, D, D, DSDS, D"
Shane,Henderson,261-659-9477x5441,pachecojonathan@example.net,"69265 Stephanie Run Apt. 443, Lake Anthony, Nevada, 47767, Nigeria"
Jennifer,Martinez,(924)230-2206,tblack@example.net,"2440 Thomas Mount Suite 818, North Mackenzie, North Carolina, 05866, Gambia"
Paul,Bean,325-256-7824,megan39@example.net,"94078 Mora Rest, Meganview, Kansas, 69013, Poland"
Lynn,Gomez,+1-834-486-3577x83508,masonmatthew@example.net,"7160 Dean Light Suite 295, West Douglas, Colorado, 07801, Greenland"
Regina,Grant,2665291577,amanda50@example.com,"00318 Best Highway, South Ryan, Iowa, 06635, Turkmenistan"
Roy,Olson,644.845.8091x0507,skinnerjacob@example.com,"243 Garcia Forest, Ashleyburgh, Nebraska, 09820, Netherlands Antilles"
Tammy,Frye,2762925894,gatesmelissa@example.org,"92962 Greene Crescent, Port Ryanbury, Delaware, 94847, Libyan Arab Jamahiriya"
Jacqueline,Haley,372.251.4794x8729,msullivan@example.net,"6175 Beasley Drive, Samuelstad, Mississippi, 54614, Spain"
Laura,Allison,(903)990-6179,smithshane@example.com,"447 Moyer Junction Apt. 821, Lisaland, New Jersey, 56573, American Samoa"
Samantha,Rush,610.754.4640,browngregory@example.com,"712 Murphy Greens, West Lauren, Michigan, 54546, Haiti"
Sheila,Harding,446.305.3206x20202,cynthiaking@example.net,"3901 Calhoun Fords Apt. 028, Leeshire, Montana, 23238, Palau"
Roger,Coleman,291-694-1190,bennettandrew@example.org,"182 Salinas Pine Apt. 570, West Karenland, Michigan, 96886, Cote d'Ivoire"
Anthony,Arnold,672-998-8656x3549,figueroacorey@example.net,"484 David Falls, New Alexandra, Arizona, 77324, Suriname"
Tanya,Reyes,+1-378-633-6987x291,heathermartinez@example.org,"55397 Steven Ferry, Torrestown, Georgia, 41165, Saint Pierre and Miquelon"
Matthew,Cameron,2394677894,gonzalezerin@example.com,"517 Solomon Turnpike Apt. 850, South Frank, Kentucky, 98765, Austria"
Michael,Martinez,+1-438-835-3622x051,christophermcknight@example.net,"457 Lisa Isle Suite 789, New Melaniechester, Arizona, 76382, Greenland"
Olivia,Sanchez,+1-498-929-5156x5402,haleymullen@example.net,"9426 Elizabeth Summit, South Maryside, Wisconsin, 72732, Spain"
Karen,Brown,(972)786-5513,jennifernunez@example.com,"0678 Lisa Knolls, Adamview, Tennessee, 75356, Mali"
Andrew,Jackson,(688)653-5822x7983,vanessa39@example.net,"4280 Davis Motorway Apt. 929, Lake Christinaton, North Dakota, 70353, Vietnam"
Amy,Chavez,+1-961-356-6884,drew93@example.net,"5411 Washington Row Suite 203, Port Curtischester, Arkansas, 75905, Qatar"
Tamara,Nguyen,001-809-239-2877x309,glenda49@example.com,"4661 Wilson Islands, New Michellemouth, Kansas, 09579, Cyprus"
Dean,Roman,(577)889-5754x837,deanwilliam@example.net,"652 Joseph Summit, East Robinhaven, Louisiana, 24184, Central African Republic"
Douglas,Martin,697.248.1244,jeanettele@example.org,"8893 Kane Keys, Hawkinstown, Minnesota, 21793, Tanzania"
Rebekah,Grant,492-789-2911x7686,bingram@example.net,"974 David Key, Kruegerfurt, Connecticut, 80629, Morocco"
Debra,Brown,649-699-6617x3544,murphymatthew@example.com,"08564 Anderson Isle, Jacobburgh, North Carolina, 35323, Micronesia"
Carl,Johnson,+1-361-234-5555,gloriacole@example.com,"233 David Valleys, Lake Michelle, Illinois, 36403, Bouvet Island (Bouvetoya)"
John,Martinez,+1-383-664-3457,chouston@example.net,"5981 William Plain, Monicaberg, Montana, 29235, Montenegro"
Robert,Duncan,001-927-341-5360x9161,oriley@example.org,"689 Austin Roads Apt. 989, Lake Amberborough, Pennsylvania, 16181, Comoros"
Amy,Rogers,538.915.0516,jamesmurray@example.com,"314 Parker Centers, Rogersview, Kentucky, 20114, Singapore"
Benjamin,Flores,7959572084,lynchangela@example.org,"6788 Christopher Glen, Gregoryton, Hawaii, 58555, Hong Kong"
Elizabeth,Hall,(643)929-5124x6385,julia66@example.com,"261 Ellison Valleys Suite 956, East Brandonfort, Texas, 34963, South Georgia and the South Sandwich Islands"
Michael,Pugh,5435787765,eric55@example.net,"93978 Olson Springs, Christianfurt, New Hampshire, 12439, Iceland"
Marie,Silva,366.623.3435x481,stacey10@example.org,"47146 Elizabeth Shoals, South Paulburgh, Oregon, 62119, Dominican Republic"
Jenny,Horton,(659)442-3750x0048,gthompson@example.net,"97352 Schwartz Estate Suite 770, East Andrewfort, Missouri, 27158, Czech Republic"
Michele,Dorsey,001-995-361-8912x260,pschmidt@example.net,"005 Joshua Greens, Lake Leonardview, Oklahoma, 37000, Seychelles"
Sarah,Lawrence,384-562-5360x78451,christopherchung@example.org,"01680 Tyler Stream Suite 491, West Devinmouth, Virginia, 82565, Maldives"
Joyce,Joseph,515.677.9230x03248,douglas78@example.net,"50107 Lee Key Suite 713, North Melinda, Illinois, 89564, Zimbabwe"
Ryan,Moore,767.236.3705,jennifer09@example.com,"15145 Glenn Corner Apt. 082, Lake Virginia, Minnesota, 86999, Fiji"
Marvin,Trujillo,(350)880-4366x074,edwardvincent@example.org,"390 Todd Place Apt. 281, Henryland, Wyoming, 34226, Congo"
Colleen,Brown,001-366-747-9854x05233,julie06@example.org,"66940 Taylor Corners Apt. 167, South Rachel, Iowa, 54805, Bosnia and Herzegovina"
Megan,Clark,(926)529-1964,upetty@example.com,"5494 Mark Shores Apt. 928, Ashleyville, Oregon, 07083, Faroe Islands"
Robert,Young,3174219312,jennifer40@example.net,"74275 Sara Street, Davidchester, Alabama, 10932, Kuwait"
Keith,Flores,+1-223-583-7331x7496,hartmichelle@example.net,"76460 Ryan Alley, Hartland, Minnesota, 21045, Lebanon"
Michelle,Franco,(654)208-5739x0659,qhoward@example.org,"8258 Hill Row, East Jill, Connecticut, 41783, Faroe Islands"
Sharon,Williamson,001-759-592-2666x0577,jevans@example.org,"7274 Kimberly Overpass, Robinport, Maryland, 32200, Reunion"
Brian,Moore,(723)647-1137,hannaharias@example.com,"0608 John Keys, East Paulberg, California, 36545, Niue"
Heather,Jenkins,501-888-7779x2467,operez@example.org,"899 Cassie Crest, New Sarahborough, Texas, 34332, Holy See (Vatican City State)"
Elizabeth,Leon,819.907.9347x7354,williamszachary@example.net,"39103 Shields Harbor Suite 725, Russellton, Pennsylvania, 30839, Tuvalu"
Rachael,Davis,603-588-1183x2280,allison62@example.org,"5255 Daniel Fork Apt. 839, Port Jason, Colorado, 95939, Greece"
John,Rivera,001-699-911-7989,bwolf@example.com,"61465 Lamb Ferry, South Stephaniefort, Delaware, 56234, Guatemala"
Thomas,Peters,655-948-1674,frazierdavid@example.net,"050 Johnson Parkway, Port Rebecca, Kansas, 28572, Pitcairn Islands"
Michael,Melton,651.862.7049x529,smithrobert@example.net,"0117 Warren Underpass Suite 691, South Barbaraland, Maryland, 39404, Mozambique"
John,Powell,392.996.2741,ericlee@example.org,"091 William Springs, Port Carol, Florida, 94693, Cambodia"
Matthew,Ward,428-319-0937x343,jackie20@example.net,"32301 Steven Spring, Petersfort, Louisiana, 90191, Cocos (Keeling) Islands"
Gina,Mckinney,848-311-7761x4391,anthonyrich@example.com,"04731 Mcclure Burg, West Thomas, New Hampshire, 50956, Niger"
Victor,Boyer,(860)245-0819x682,jim78@example.org,"20494 Nicolas Lodge, Lake Christina, Oregon, 45763, Congo"
Rebecca,White,+1-950-236-5856x1407,washingtonkarl@example.com,"870 Bailey Flats Suite 665, Doyleberg, Utah, 94052, Montenegro"
Ricky,Barker,406-751-1329x3041,rivassarah@example.net,"903 Sarah Rest, Jonesburgh, California, 65688, Bhutan"
Ana,Jones,+1-420-949-7058x5984,emoore@example.com,"589 Barton Points, North Thomas, Pennsylvania, 82439, Sweden"
Rick,Curtis,4738255642,tanya04@example.org,"3345 Hernandez Isle Suite 844, Owenstown, Oklahoma, 50276, Uganda"
Shirley,Schmidt,271-606-2000,cookmichael@example.net,"662 Ivan Valley, Allenview, Tennessee, 56819, Burkina Faso"
Melissa,Allen,001-439-712-9839,cohencindy@example.com,"89238 Erica Lock, North Ronniemouth, New Jersey, 39278, Tanzania"
Julie,Gregory,350-865-7968,jodyking@example.net,"6016 Brandon Meadow Suite 074, Weberfurt, Ohio, 05920, South Africa"
Penny,Green,+1-968-423-7005x3091,andrew04@example.org,"101 Tracy Street, Michellechester, North Carolina, 99497, Sweden"
Brent,Davis,803.210.8277,kaylamarshall@example.com,"940 Jones Plain, Colinport, Hawaii, 68822, Turks and Caicos Islands"
Angela,Johnson,(744)635-2865x01023,nschmitt@example.com,"3937 Jamie Mission Suite 285, Lake Ryan, South Carolina, 17153, Monaco"
Lori,Willis,729-305-9351x49892,lvazquez@example.net,"7431 Paul Expressway, Johnsonberg, Missouri, 26990, Slovakia (Slovak Republic)"
Matthew,Bowers,(560)214-6488,skinnerjeffrey@example.com,"2279 Knight Glens, Aprilburgh, Maryland, 36130, New Caledonia"
Theodore,Ortega,001-593-293-6542x456,ashley81@example.net,"541 Sullivan Walks, Teresaville, Iowa, 76145, Georgia"
Martha,Cain,647-737-5061x39125,christopher16@example.org,"6835 Hernandez Street Suite 884, West Alyssafurt, Massachusetts, 58535, Malta"
Kylie,Edwards,967-707-5768x415,umeyers@example.org,"140 Martinez Forest Suite 351, Williammouth, Indiana, 98862, Fiji"
Don,Lawrence,+1-317-656-2102x351,sparks@example.org,"878 Lee Stravenue Suite 583, Barreramouth, Florida, 29156, Malta"
Anthony,Green,001-273-344-1645,fcollier@example.net,"9636 Lawrence Turnpike Apt. 358, West Aaron, Minnesota, 96338, South Georgia and the South Sandwich Islands"
Charles,Myers,(546)537-2365x71577,kristybean@example.org,"93555 Amanda Keys, Wagnerchester, Nebraska, 52783, Monaco"
Michael,Vaughn,+1-269-875-6252,mary61@example.com,"4434 Meyer Camp Suite 052, Stephaniehaven, Utah, 98245, Jamaica"
Joel,Hayden,851-747-6177x3888,wheelermichael@example.com,"61881 Kelly Pike, North Heatherborough, New Mexico, 96130, Mayotte"
Zachary,Jones,+1-706-236-5321x965,david44@example.net,"362 Lawrence Hollow, Port Lisa, Vermont, 28693, Grenada"
Luis,Harding,001-724-312-0999x64750,floresrandall@example.net,"8965 Destiny Garden Suite 452, Anitafurt, Maine, 55529, Gabon"
Juan,Ward,4482140449,egrant@example.org,"1743 David Park Suite 612, South Susanfurt, Colorado, 63093, Dominica"
Sharon,Christensen,327.527.2042,monica15@example.com,"70105 Villarreal Manors, New James, Montana, 59603, Uganda"
Joseph,Rasmussen,8405624012,ncarrillo@example.net,"0723 Amanda Wells Suite 109, West Robertport, Indiana, 60523, Uruguay"
Todd,Alexander,(762)660-6808,georgemcgee@example.org,"422 Robert Club Apt. 379, Johnsonport, Texas, 63735, Turkmenistan"
David,Brady,+1-572-790-3887x930,rickjackson@example.net,"3574 Lam Bridge Apt. 193, Brettfurt, Connecticut, 49441, Saint Vincent and the Grenadines"
Teresa,Young,001-462-566-5419x75159,asimpson@example.com,"61813 Benton Ranch, Samuelville, Wisconsin, 69951, Spain"
Cheryl,Nelson,(957)213-5426x958,dmartin@example.com,"9565 Brittany Orchard Apt. 534, Macdonaldstad, Massachusetts, 27877, Lesotho"
Brady,Rodriguez,+1-994-303-7214,huntsteve@example.com,"6169 Russell Cape Suite 471, Justinport, Delaware, 52544, Gibraltar"
Samuel,Yang,(952)875-3587x92009,jessica54@example.com,"394 Douglas Forge Suite 759, North Tracieberg, Massachusetts, 34826, Italy"
Jessica,Castillo,001-760-754-8400x912,carpenterelijah@example.org,"056 Hernandez Orchard Suite 167, South Daniel, Texas, 26977, Bahrain"
Willie,Kelly,+1-396-916-3279,markgarcia@example.com,"60503 Graham Radial Suite 036, Kimtown, South Dakota, 68582, Russian Federation"
Phillip,Bryant,433.504.1379,lowetroy@example.org,"00986 Cooper Highway Apt. 704, Sotoborough, Mississippi, 23057, Lithuania"
Lawrence,Cook,382-230-9173,larsonpatricia@example.com,"351 Blevins Land Apt. 002, Marystad, New Jersey, 90853, Austria"
Samantha,Jimenez,(382)546-8813,dustingreen@example.com,"5435 Long Forge Apt. 576, Anntown, Idaho, 52871, Suriname"
Rachel,Stanton,367.676.2684,maguilar@example.com,"98567 David Drive, West Janetberg, Kentucky, 02184, Bouvet Island (Bouvetoya)"
Elizabeth,Hogan,001-589-931-5870x80616,jason54@example.org,"9865 Aguirre Rest, New Joannachester, South Carolina, 04359, Kuwait"
Chad,Hunter,988-698-0817,contrerassusan@example.net,"92892 Robin Keys Apt. 728, Robertmouth, Washington, 16689, Swaziland"
Savannah,Rogers,8679473203,uking@example.org,"8770 Olivia Path Suite 447, Port Nicholas, Kentucky, 40657, Tokelau"
Stephanie,Flores,829-233-3889x8850,jfreeman@example.org,"7593 Hughes Mews, Sophiafort, Wisconsin, 43281, Congo"
Timothy,Vasquez,+1-511-336-4680,holmesthomas@example.com,"104 Brandy Roads Suite 201, New Chelseaport, Wisconsin, 28158, Slovakia (Slovak Republic)"
Daniel,Williams,001-860-472-6946x299,xbowen@example.net,"10087 Hamilton Vista Apt. 122, New Diana, Minnesota, 25179, Paraguay"
Leslie,Page,676.940.4524,kyle67@example.net,"332 Jill Loop, Tomland, Georgia, 36924, India"
Audrey,Russell,001-776-641-2102x67464,twilliams@example.org,"511 Williams Crescent, New Monicaborough, Louisiana, 40679, Cayman Islands"
Caitlyn,Jimenez,+1-987-414-5418,susanmeyer@example.org,"96987 Christian Cove, Anthonyfurt, Alabama, 80592, Bolivia"
Robert,Barnett,931.995.5985,everettrobert@example.net,"19303 Nathan Gateway, Lake Brett, Utah, 51100, Cayman Islands"
Sarah,Kerr,+1-497-364-7369x8529,codyrodriguez@example.net,"137 Bates Isle, South Robert, Massachusetts, 09144, Ireland"
Lisa,Daniels,(423)303-1078x054,jacqueline27@example.com,"869 Arnold Stream, East Joshua, Ohio, 51620, New Zealand"
Robin,White,3033395847,jeanne79@example.org,"2806 Lindsay Mills, West Andrew, Rhode Island, 13787, Guinea-Bissau"
Andrew,Barnett,242-754-0720x9924,hmitchell@example.com,"1864 Carter Street Apt. 375, South Joshuatown, Virginia, 18417, Haiti"
April,Anderson,7757458110,jonesmichael@example.net,"25765 Edwards Meadow Apt. 707, Bobbyview, Pennsylvania, 40313, Botswana"
Danielle,Adams,(731)517-9519x405,nelsonadam@example.org,"5420 Hammond Well Suite 411, Carlsonshire, Michigan, 08498, Spain"
Karen,Parks,2355088307,pking@example.com,"17177 James Loaf, Lake Keith, New Hampshire, 89867, Tokelau"
Norma,Powell,(596)706-0873,janet30@example.com,"7959 Erika Spring Suite 294, North Catherine, Vermont, 75860, Angola"
Robert,Park,(234)783-2620x592,adamsmatthew@example.org,"39547 Carlson Spurs Suite 496, North Jefferyview, North Carolina, 41795, Sri Lanka"
Morgan,Riley,(299)780-4189,qmiller@example.org,"09503 Samantha Lake Suite 885, New Michelleborough, Nevada, 63996, Palestinian Territory"
Nicole,Morales,(286)941-9851x180,rodriguezcharles@example.org,"706 Williams Neck Apt. 164, Davidberg, New York, 18178, Peru"
Shannon,Martin,793-855-4651x5541,ericksonkimberly@example.net,"510 Johnson Expressway Suite 854, Mistyburgh, Utah, 61998, Falkland Islands (Malvinas)"
Danielle,Benson,315.808.8074,kelliemcintosh@example.com,"1942 Bartlett Course Suite 583, Joseview, Rhode Island, 72084, Palestinian Territory"
John,Fisher,001-892-532-2638,wfields@example.net,"472 Dillon Road Apt. 053, Port Haileyview, Missouri, 82416, Costa Rica"
Michael,Brock,+1-897-940-8434x50009,jacksonshannon@example.net,"917 Arnold Ways, North Jennifer, Florida, 33500, Guatemala"
Jonathan,Flowers,848.325.6380,xcraig@example.com,"651 Nunez Plains, New Teresa, Georgia, 48546, Saint Lucia"
David,Munoz,(604)816-2612x1418,wwalton@example.com,"6257 Hogan Point, East Jasonberg, New Hampshire, 34428, Taiwan"
Paul,Reed,(855)647-8603x67343,sean64@example.org,"6486 Cameron Springs Apt. 710, West Susanshire, Ohio, 25560, Estonia"
Bradley,Burke,+1-840-880-0823x042,charleslove@example.org,"47377 Mitchell Port Suite 266, West Angelatown, Illinois, 59081, Paraguay"
Kimberly,Johnson,(765)935-6088x83931,crystal95@example.org,"45463 Amy Green Apt. 028, Nancyberg, Georgia, 70209, Paraguay"
Ashley,Harper,(781)506-9655x2935,rickmoore@example.org,"78075 Hopkins Mews, Lake Bradleyview, Massachusetts, 88998, Kenya"
Kyle,Adams,(659)804-5061x27278,zgomez@example.org,"092 Sarah Knoll, North Mirandaport, Pennsylvania, 03609, Angola"
Amy,Burke,001-555-838-4650x2055,glennpacheco@example.org,"75413 Kelly Estate, North Bethanyfort, Vermont, 06493, Holy See (Vatican City State)"
John,Myers,001-309-587-4247x6340,marysutton@example.org,"7798 Melissa Fork Suite 497, Boylechester, Missouri, 20733, Malawi"
Michael,Mcneil,+1-203-615-0657x4694,jasonroberts@example.net,"030 Eric Mission Suite 086, West Jacquelinebury, Washington, 69174, Jordan"
Matthew,Murray,622.940.0448x520,patricia45@example.org,"2839 Lee Skyway Suite 023, West Caroline, Washington, 68680, Lesotho"
Jeremy,Knight,266-247-2655,kim60@example.com,"763 Alvarez Camp Suite 822, Sheliaport, Maine, 95742, Yemen"
Christopher,Sanders,4757825855,elizabeth96@example.net,"535 Jonathan Curve Suite 657, Barryville, Wyoming, 43280, France"
Melissa,Campos,(527)943-5254,stevensonvirginia@example.com,"07358 Lisa Club, South Janet, Pennsylvania, 15012, Eritrea"
Jennifer,Reeves,(829)267-8629x914,taylor24@example.org,"355 Amy Inlet Suite 762, New Virginia, Maryland, 70245, Jordan"
Maria,Willis,285.482.4682x857,penachristopher@example.net,"12260 Shannon Unions Apt. 906, Goodwinbury, Oklahoma, 03658, Bahrain"
Earl,Diaz,+1-744-601-0385,valenciavickie@example.org,"71011 Vasquez Crossing, South Christopherstad, Wisconsin, 42122, Iran"
Heather,Mcmillan,(674)977-9099,ocampbell@example.com,"652 Flores Square Suite 575, Port Andrew, Delaware, 90564, Saint Kitts and Nevis"
Andrea,Rodgers,(505)275-8657x10937,shannon33@example.net,"1427 Jones Lock, North Roger, Utah, 94734, Montenegro"
Roger,Kelly,(725)294-6661,robert22@example.org,"09317 Kathryn Ridges Suite 326, Lake Crystal, New Hampshire, 72076, Mongolia"
Ashley,Brown,247-594-5661,thernandez@example.com,"6760 Robinson Way Suite 811, Port Matthew, Indiana, 60868, French Guiana"
Theresa,Moran,9676953000,laura15@example.net,"268 Robert Circles Suite 494, Richmondstad, North Dakota, 18648, Tajikistan"
James,Wright,001-532-304-8788x9341,dbullock@example.net,"22623 Sean Mission Suite 090, Chrisbury, California, 86516, Slovakia (Slovak Republic)"
Michele,Hoffman,(867)954-4568,fbrown@example.com,"8053 Williams Extensions, Mullenville, Kentucky, 04725, Israel"
Emily,Arellano,8707302431,dvalenzuelaexample.org,"47984 Weiss Spring Apt. 348, Lake Carlahaven, North Carolina, 88811, Yemen"
Stacy,Williams,726-893-3163x25475,riosjennifer@example.com,"83527 Cody Center Suite 349, Smithburgh, North Carolina, 69680, Saint Barthelemy"
Caleb,Bell,(292)624-4635x7874,krussell@example.org,"0489 Christopher Pass Apt. 452, Frazierview, Colorado, 28082, Marshall Islands"
Jacob,Smith,380.557.4488x7164,keith58@example.net,"95536 Trujillo Burgs Apt. 810, Zunigaborough, Delaware, 95244, El Salvador"
David,Cross,(315)938-9826x750,sarahwatkins@example.com,"943 Joshua Isle Apt. 425, Lindsayton, South Carolina, 29792, Wallis and Futuna"
Kimberly,Mckinney,(350)911-0024,melissa50@example.net,"7510 Jones Roads, West Tracyland, Massachusetts, 12918, Gabon"
Casey,Ramos,(976)715-7664x947,howardramsey@example.net,"1982 Fuller Ferry, North Cherylchester, MONTPELLIER, 95885, Japan"
A,B,C,D,"E, F, G, H, I"
Jerry,Myers,(447)340-0111x18316,dhayes@example.net,"53832 Olson Mission Apt. 971, Christophermouth, Iowa, 52390, Peru"
David,White,001-924-710-2182x4081,carternicholas@example.net,"136 Deborah Mills Apt. 285, Chadstad, Maine, 66375, Ethiopia"
Stephanie,Cunningham,+1-661-3256397x877,mharvey@example.net,"35576 Harmon Falls Apt. 898, West Jeremy, Colorado, 95230, Sri Lanka"
Elijah,Sullivan,350-633-9289,bradleyhudson@example.net,"638 Kane Road, Millershire, Tennessee, 20865, United Arab Emirates"
Randy,Carter,001-325-207-8974,kimberly73@example.org,"90588 Jennifer Meadows, Brandonburgh, Washington, 82319, Pitcairn Islands"
Peter,Andrews,6723452095,qrivera@example.com,"44304 Day Orchard, East Cassandra, Alaska, 47368, Bahamas"
Jamie,Hardin,709-893-2082x46998,blakecatherine@example.org,"723 Samantha Islands, North Nathanberg, Alabama, 92671, Tuvalu"
Jason,Kaiser,326.707.7205,klewis@example.com,"8015 Brady Way Apt. 695, South Spencermouth, Kansas, 52805, China"
Ronald,Black,9142580230,michelle52@example.org,"75459 Michelle Falls, East Geoffreytown, Wisconsin, 27858, Switzerland"
Willie,Gregory,001-670-840-9601x641,aturner@example.com,"997 Payne Mount Suite 720, Port Darylstad, Utah, 52773, Italy"
